id	Password
olivia63	zS8D1xf
emma37	GGtualZ
ava08	H9MPp1e
charlotte08	GtcXWHd
sophia03	CbmsWKj
amelia31	mvKlmZa
isabella93	kw9KOfK
mia78	Z0NDjhw
evelyn55	YgmWTwI
harper76	3pmzee8
camila99	fffvphj
gianna14	w7XNJZE
abigail74	MNM4e8N
luna77	rYQeHzN
ella06	1bZS4GD
elizabeth40	pFVMpex
sofia80	7oWje6I
emily54	cIUxsfW
avery73	6oOu6ai
mila71	qCz7Uu0
scarlett71	6RTXi7n
eleanor68	2aioo99
madison40	DXjbiSp
layla06	64NNHLs
penelope57	20vCxaR
aria53	bL0bXuk
chloe38	Nrz0sjW
grace67	MLLCmTT
ellie68	a3NPyWN
nora68	ypBgFdR
hazel84	4M3gE50
zoey85	dQVvdhO
riley02	BK5kP4H
victoria49	BF0k3Dy
lily75	tZM39O7
aurora77	NknoV1s
violet52	GedS7QO
nova61	eXpr1fb
hannah44	7auMceS
emilia86	ljoJZqF
zoe15	4b1s2Rc
stella35	n9zepqt
everly53	UUMoojB
isla74	kFU4ouM
leah12	d8eBbKY
lillian28	Kzgga4Q
addison56	N6Rpxra
willow61	uWaiVlP
lucy00	NNcBsdl
paisley56	9EaJieG
natalie68	HPKor3Y
naomi88	ivVjPqa
eliana60	gfRgKTv
brooklyn62	qu1Eaw6
elena17	pKqSGz6
aubrey77	tX4QFci
claire01	c91cpNd
ivy79	atUKFHG
kinsley18	K9PU0oX
audrey69	6D6xbjT
maya33	BJl7pTU
genesis64	nZL4gJm
skylar39	HGSsnnW
bella60	LTKJkJJ
aaliyah30	sjCYYHk
madelyn30	Qp8FH8c
savannah88	cuB46oB
anna64	6hNKAAa
delilah84	AXiTwhY
serenity26	4NLVJG0
caroline41	8qf2nNs
kennedy48	fRBPxWZ
valentina01	fDS963C
ruby80	OsJioMP
sophie65	XFeGoSx
alice92	aY6SPQo
gabriella39	mTLj7vJ
sadie70	zmO4Scu
ariana38	Bllrtju
allison90	n1l6FSO
hailey10	cewjNrL
autumn34	9D2iJDk
nevaeh66	aCppVbm
natalia36	AVV1Qdl
quinn49	mAKu6qA
josephine69	LSlr5ZD
sarah97	HcDxGbh
cora05	LCwdihW
emery45	yO0y0Ah
samantha68	Cj6ncV3
piper42	jHbHWJh
leilani06	0VdAE3X
eva11	hsC5SqN
everleigh12	ou7l0La
madeline63	Z7nW0Zr
lydia75	qIY2mVU
jade20	XU4UZRF
peyton22	Lsu3jNo
brielle14	ZuXLxqj
adeline21	KNeGqfG
vivian33	EecyLd0
rylee47	g00oleq
clara59	0V0guiT
raelynn70	yOSe3ne
melanie52	FmczBgz
melody51	Z3kPSN8
julia15	9DxTa6X
athena73	IInqDQt
maria43	iX32JG5
liliana44	ipCwjxK
hadley64	8RoaWX0
arya98	1O1IYtD
rose33	4fQ6XeT
reagan63	vpzIqvq
eliza84	7Va6S3F
adalynn55	P6svGjm
kaylee64	fzRMsJd
lyla96	HHLVN9G
mackenzie91	In44HMA
alaia43	gjytq7F
isabelle59	QvYCF20
charlie72	PHtDatp
arianna73	fD9OfEz
mary91	wUv23cA
remi44	ht7oX3k
margaret44	VQ4f0qa
iris69	fTFVTit
parker15	w1xPiwf
ximena39	oprTcJR
eden24	xmjFrXs
ayla85	df57UnZ
kylie82	qhBSBsK
elliana65	rhgv3jq
josie73	LYATd1Z
katherine40	UH0tkU3
faith71	LlBVdjs
alexandra16	eNfgh6Y
eloise88	NSXp3vp
adalyn17	ac71LFq
amaya35	yCywA0m
jasmine16	4l0a9gR
amara20	7qeIcG4
daisy06	xL61BwI
reese35	L7jYpX9
valerie08	gU8dBMv
brianna43	HK6moFQ
cecilia66	RQ4WLPh
andrea42	3kW5rF6
summer21	HvQqbmI
valeria51	liAxDXd
norah30	ZKQRSZq
ariella90	RUmbp8N
esther23	UjlUp0X
ashley31	G2LGrFw
emerson01	qfrF8vJ
aubree75	8IojhiF
isabel20	3bCXQH8
anastasia90	7pNxp5B
ryleigh39	m2iTTFN
khloe43	JI03IJG
taylor44	mEoEsic
londyn88	JflJdes
lucia72	AiEeKDx
emersyn16	g5wr0E6
callie57	SQsKmCi
sienna71	NZ7QSKz
blakely33	ZUkFrkl
kehlani35	lXc1SFA
genevieve21	2fBzjgE
alina81	xEEPSj0
bailey55	hzPYkOt
juniper35	HYisnmD
maeve45	UWMepcX
molly68	VjUmVN7
harmony15	B72C8qC
georgia22	ltftyq8
magnolia69	f60RKjB
catalina54	caC26OK
freya15	ZZkYwE7
juliette78	6eRlbEj
sloane86	DL7KH70
Jun-76	lFG2F2Z
sara07	M8M0NJE
ada96	bCwJETv
kimberly02	QbCGBOs
river32	Mzt4HBk
ember53	Dgbkq80
juliana64	GsX5h0K
aliyah76	nPnGpbc
millie61	0ARBJD3
brynlee51	0Ch6ZlX
teagan79	VCGTShj
morgan93	uhBX3iL
jordyn05	9xuPcGo
london13	L1yBKO1
alaina02	Nqa9Atf
olive86	GoexrVE
rosalie61	9e7i7yY
alyssa59	4kevVJ7
ariel29	m4UQtVj
finley31	2Rzhg3H
arabella43	LFhO9cI
journee43	4mYxVZv
hope24	rumc5ot
leila40	SoKR2Ws
alana25	eJkDMA6
gemma81	lPOXZih
vanessa35	IuMW2Jj
gracie87	5daudpe
noelle13	2G0TpZg
marley88	irhdo21
elise66	biO4owM
presley15	s3y9z9W
kamila93	359Qxb3
zara84	gvfTx6J
amy44	2WBJW3j
kayla86	cKzOWT9
payton80	C9QrkD6
blake87	385sKiy
ruth95	GdnAR2G
alani18	oCShz4R
annabelle65	lOOInjF
sage49	koBSSqP
aspen18	7u4XG9H
laila92	9d8NvQo
lila56	n4CJmjj
rachel83	8EEHZtb
trinity04	PVBqCDD
daniela03	Qzn58N9
alexa89	E4x9T7k
lilly77	6tVgYpO
lauren93	SxHAA7b
elsie00	ki7BIUa
margot12	BLf71Jf
adelyn72	cyOqQRS
zuri10	IPxC3yT
brooke22	VcTpRbp
sawyer28	cJmwv9a
lilah15	Ib3dJ87
lola83	t1MLNDK
selena35	IuYe2lu
mya05	jxzdFMY
sydney37	E9CCS89
diana66	vrPE7IL
ana53	THJKuV1
vera55	2yeiyDb
alayna47	Ouk2wu6
nyla68	u40VNhc
elaina79	ggZS5gP
rebecca95	6qTKU9h
angela69	f8v410k
kali99	MZ1Pyh0
alivia34	YSqLOhH
raegan58	Ycu171g
rowan50	n1n7gdt
phoebe22	Sozkyjq
camilla35	E1CYTUZ
joanna24	8N79YMT
malia79	18XSxFN
vivienne35	UU8dLC1
dakota54	J6lnSYM
brooklynn41	M93QbGZ
evangeline35	4uX7lRJ
camille41	8d9tv8T
jane19	d7nSdKk
nicole95	2nM3IXH
catherine25	hzmjPh5
jocelyn33	6ZT0l6e
julianna89	Z7DZaAU
lena87	quOl9Lj
lucille85	3ArYOEd
mckenna85	6EEON1u
paige51	ObJvrNO
adelaide99	5T8zDXD
charlee09	q6dy16p
mariana77	SNhl5Mj
myla86	ItDhrQH
mckenzie96	GJ6h3w3
tessa06	OKJ6WnG
miriam12	uPlryx8
oakley10	fmPde01
kailani31	IGPro2h
alayah41	IEM88TT
amira34	eka5HXp
adaline64	utTPCIQ
phoenix52	5PpHz0X
milani39	ielECkM
annie55	hsZYco8
lia42	CWj7hyr
angelina44	Cup0vOp
harley48	xu2mm65
cali76	1wEfcHn
maggie93	jMNmauJ
hayden68	4xJG5Rz
leia76	iZAoiOK
fiona40	U4C4mUa
briella61	Wjs4b8X
journey73	kPqt9k9
lennon99	yCynf8L
saylor92	a4bcume
jayla27	2jwzdki
kaia26	Q9I2Q8k
thea67	OJa7YGO
adriana74	9F2ToZG
mariah01	agikK6T
juliet22	cyg7Wk7
oaklynn97	pHSIEVr
kiara75	8QpIibO
alexis21	8GUxxXX
haven12	DzKypzK
aniyah38	rqbwyB9
delaney11	s7YpN30
gracelynn15	55OrdrD
kendall07	9lO4Hob
winter33	kaFYp27
lilith66	hB7c6c6
logan13	AJB1xRt
amiyah86	6GXRlLT
evie37	BCBZJiu
alexandria11	K0iyAMz
gracelyn76	NxVmWXu
gabriela45	vazuwyS
sutton28	RDK2m0V
harlow19	Q7nAVNd
madilyn49	AA0t43Z
makayla64	9ynLilQ
evelynn49	Oi713zR
gia61	Z4pnkVj
nina08	PztZTgb
amina65	qeFjmTh
giselle46	OfIWYDb
brynn50	urHKnFJ
blair07	ODlmH2i
amari14	IfKrnZk
octavia01	yLnPF46
michelle64	Mt29wkw
talia20	pq5rSCT
demi59	Pl1TMqo
alaya94	oNq9GiY
kaylani38	sZoOZGB
izabella03	fQcdugl
fatima16	tRtHBlr
tatum66	0FV10nm
makenzie87	ctfpUgX
lilliana73	fp0gVwh
arielle67	AyyWZHH
palmer11	Um0SdVO
melissa77	ilXVNR1
willa33	xpOYoBV
samara90	f9ZSa9S
destiny60	cb4ly0g
dahlia62	u6zcbUl
celeste39	MB20nI3
ainsley93	7n37bqp
rylie95	9altVL6
reign42	D2W0Vro
laura41	ugFcohd
adelynn25	B9QmAWz
gabrielle65	0FerEnT
remington34	K0EJFZW
wren36	GAuekKU
brinley25	pwQe79d
amora90	QeSk9qR
lainey23	sTzmO48
collins73	XpnuVVu
lexi03	qGueMqQ
aitana21	nI3OYpI
alessandra20	mtju9ea
kenzie83	5CPqWVM
raelyn00	qmgI3Da
elle98	CR9hGU6
everlee79	JCoiAXw
haisley91	PCubWh7
hallie07	HBrFduF
wynter65	r3L5pDr
daleyza30	E2hmZeW
gwendolyn51	z7kbyDK
paislee89	HxAUbjM
ariyah38	8revTYB
veronica79	BopOHNO
heidi06	kFCJJnT
anaya24	pUXvzbw
cataleya07	LDplYlk
kira14	hslO2Qn
avianna98	1dGNgMT
felicity80	g5KUyXe
aylin23	Ko8hug9
miracle09	JpxXNy1
sabrina54	Lg5hW6V
lana21	Kn8aUf5
ophelia39	Lb8XaBP
elianna48	IPlEEOj
royalty78	oROs5fh
madeleine44	r8sBKmh
esmeralda40	aQpoYhe
joy35	HYZBEaZ
kalani54	8aUQWmE
esme46	r3RAUBL
jessica68	xhnBcyP
leighton20	2ZqEQBd
ariah57	uisV9rQ
makenna51	6iENzRn
nylah43	N1o4UsO
viviana18	htaZym1
camryn83	FXvEYQU
cassidy72	iRehlaU
dream73	GTFrywT
luciana58	WFjsyzA
maisie92	bzyFhRC
stevie55	S5LYYrp
kate72	TfLv9KX
lyric24	fOEyJLT
daniella83	mAYMzRB
alicia18	6NReopW
daphne96	843WeXE
frances95	38c0WQS
charli05	oZMrjZ6
raven55	CQ6o4dh
paris54	PFKTzHu
nayeli80	z6cLiy4
serena54	J9E57oz
heaven69	mYCzvjm
bianca78	UDNCrXU
helen65	Wkc40YX
hattie69	KWSjiNw
averie96	Wgwiq3R
mabel58	qsA6h1H
selah72	mo3QuQo
allie29	XNwBiaI
marlee40	yDkAguH
kinley17	qfEpofJ
regina21	qwyJsOZ
carmen99	C3TKzl8
jennifer54	Z0u0SYg
jordan58	2auwFKo
alison83	Roa1axK
stephanie17	0UzJneK
maren86	qfAiLmJ
kayleigh29	Rnkpmsz
angel61	NbrqkM0
annalise42	PoRmjob
jacqueline81	GINnODc
braelynn63	QsnblYk
emory28	mbKPKWQ
rosemary60	ZVx2he5
scarlet78	vTAMNUS
amanda52	kDmdPyo
danielle89	Glntv0k
emelia62	9ed9nqz
ryan80	Z3uSYmI
carolina40	UlyFIao
astrid96	l5la2s0
kensley33	j25of2K
shiloh09	yx3Shd3
maci08	OuH1fYH
francesca13	PbZUfop
rory06	65H5yJ3
celine85	iP7GisW
kamryn59	9et7Yyx
zariah20	ig49EY3
liana94	rQYmM2p
poppy93	QFalzmP
maliyah57	H7DVbc3
keira74	eKWDDTv
skyler62	6I4YNGW
noa20	Gr9XrCv
skye78	l3gPvZG
nadia88	hrfZEan
addilyn55	5wqvYvi
rosie26	x0MNmqK
eve65	rAewTOE
sarai27	jHCBsi6
edith58	bZugMfu
jolene17	WpJ4H2G
maddison86	YJQl3NH
meadow94	ABuCyYD
charleigh47	xDQYZHb
matilda43	VxO6esQ
elliott27	bO7eIAU
madelynn67	4A3kL3U
holly27	14YlG9N
leona85	VtFbhqv
azalea62	qlfZqKU
katie34	kUkx6hA
mira50	zFF9duM
ari14	LShUJJD
kaitlyn92	VNHajXm
danna80	UeaK22f
cameron95	jydxGb2
kyla46	9gRTSBz
bristol41	ovq4CO2
kora99	Vh3dbvF
armani42	2OiNwDg
nia80	zlFfBPU
malani48	LK83HsF
dylan20	9Tvr82L
remy27	CuQLdmB
maia47	KPitAYw
dior86	jAXEhzx
legacy87	luC23y7
alessia71	as7amIb
shelby35	o2P6YCM
maryam32	cxUQ0Iy
sylvia18	FE0E81R
yaretzi09	EKlBzxr
lorelei54	qtOM1Yb
madilynn74	iGJ3YXk
abby36	dS2Bjlb
helena64	syuJoZb
jimena15	yzJysWU
elisa73	Ggk17jT
renata30	BU5cNJr
amber46	mZlojpO
aviana21	4WNSO3j
carter70	8HIFv5h
emmy50	wsIrPoF
haley36	ISMfqlM
alondra52	cuXbmaZ
elaine65	5nB63Zj
erin03	TyetC2k
Apr-49	sJpkm6L
emely45	e7bOLtQ
imani57	nSQwoSU
kennedi66	l8fDzNs
lorelai83	aEe3423
hanna89	3ueP90w
kelsey63	aXAJmnC
aurelia11	9F7HuoY
colette32	EjVxqh6
jaliyah81	zlDNiHt
kylee26	HVhyU8h
macie23	d0eKVMS
aisha01	tglXQvg
dorothy20	mJD3yBv
charley01	JypvGN5
kathryn01	ykY49Ti
adelina37	Jx7ELm5
adley06	zRvg568
monroe15	3O2XFMJ
sierra06	R1xaKpt
ailani93	sSm9gJp
miranda29	WzQGAwM
mikayla67	UEhn4bG
alejandra22	0YMImbA
amirah29	VR80rbf
jada46	iC8We6g
jazlyn24	eknE98h
jenna56	IFZtTAC
jayleen77	6qvtVvp
beatrice01	xZzc9Qu
kendra67	5RrbFi0
lyra61	KogVzwW
nola11	zuZyrGQ
emberly90	yDWdEe5
mckinley08	EUyt1RB
myra90	Z2OpM1s
katalina86	zVArtmL
antonella31	z1bDB12
zelda52	8TKhPhu
alanna55	XdAGwuM
amaia29	C0NP09t
priscilla17	tyq4Gje
briar77	xaGppzU
kaliyah50	RWy0Ofp
itzel31	cQu885o
oaklyn86	mBmrlsp
alma68	7nFRdgF
mallory77	ajKTQ5X
novah44	EtADtbN
amalia42	B8TNrrI
fernanda02	4lL9GE1
alia28	1Nsn00C
angelica68	KpsbSDK
elliot23	4XEEn8j
justice15	Ct5fOww
mae57	Br69Sv7
cecelia01	wlcBNqY
gloria41	TzmcH6N
ariya65	icUew2H
virginia44	PD9Fqf7
cheyenne95	iwG5S4J
aleah03	TT0S3gZ
jemma30	cZPKMuM
henley16	3t4FCFO
meredith48	uPBlqLd
leyla90	Pc4VDCU
lennox92	r7yIhY1
ensley72	6qBPhSJ
zahra39	CM4Gmgt
reina38	WgHtSYe
frankie97	LIam3r4
lylah72	WHdwJqJ
nalani34	MOlAPkj
reyna78	ELv0kx9
saige23	rOovqkd
ivanna59	oIJdKfN
aleena84	rSC0CH2
emerie02	LvBLacV
ivory49	MgDrwL6
leslie95	Pp6QwYm
alora36	5MoeLlx
ashlyn38	lpdrbB9
bethany26	jx0pDvq
bonnie38	VsrcmsU
sasha38	cxNUFyz
xiomara30	dNWRMSa
salem09	YOqN6Un
adrianna13	22dz5hq
dayana30	dOG3Tbz
clementine76	ydXlliV
karina42	ReIu1cb
karsyn37	rRkQ1Lb
emmie64	0EoHRPF
julie20	H0B9ld3
julieta14	lqwEI4n
briana36	0PQeI3L
carly11	5QdfLeY
macy32	qTQukqE
marie69	0Zdq3vy
oaklee57	CYcdPrb
christina63	GENPwDP
malaysia94	F3EVilr
ellis11	vLK8iyh
irene47	zCsM0vu
anne42	Jn70ifK
anahi11	8PVBkZL
mara50	u7aS6yQ
rhea11	7UdTG2n
davina28	dKsuj02
dallas97	2MueX3M
jayda95	KTImpBI
mariam57	MeZ9K3l
skyla94	OIymeRO
siena95	ErG6Eq2
elora68	0pbTvOH
marilyn89	VgM0r7a
jazmin52	CSe7Kbv
megan59	TVec1an
rosa71	jrL18gr
savanna03	T1dhZjN
allyson98	4j3xA0W
milan72	vXlCctt
coraline23	deqgHah
johanna59	cytkSLu
melany20	wqxeCHm
chelsea09	UFVLPsB
michaela01	KAWVMhj
melina84	he7Es7V
angie18	YMInSOI
cassandra66	N13ihkk
yara43	1jw2HIL
kassidy87	NbXYaDW
liberty92	Pef1cKE
lilian67	IrxCLCl
avah45	rL8m5Kr
anya32	cenpwzJ
laney74	Kx5n9yO
navy57	0iVEbq0
opal48	KTKeGGN
amani68	B2xUDV5
zaylee24	y9VusQp
mina81	3LPmKcA
sloan25	f515Mxt
romina48	2JTSwtP
ashlynn79	qeOW0Hr
aliza55	Tc7u4gg
liv70	JBjKivZ
malaya59	L4oTsKt
blaire06	UTQRxKd
janelle80	CNAEKGE
kara51	giB032x
analia65	iedvRDt
hadassah95	hVzBg9e
hayley25	cG1Y4CA
karla51	Pp8x81b
chaya15	fltJfFS
cadence47	c4LNINu
kyra30	VLXzL4J
alena97	QN1nsBE
ellianna51	TD7A8UG
katelyn22	l7jD5vW
kimber24	KX0OpGN
laurel01	impCvDR
lina01	p2faVFF
capri07	Ioy3ouI
braelyn90	lBZd56r
faye19	p8sW16l
kamiyah82	bjyl4FS
kenna36	jZrartI
louise43	yy7ZExe
calliope92	bmtkAIJ
kaydence38	hXUHx2O
nala65	gmqNPbe
tiana82	OGbpspc
aileen37	39igc2n
sunny66	M0g2qKh
zariyah65	RUbj7nO
milana69	J65ZCdl
giuliana11	GUp5tGn
eileen87	EcjitXG
elodie85	xknB2dD
rayna14	l5SpyBU
monica87	2N6maAU
galilea04	NUgY4Ex
journi97	SJg94VK
lara33	s1E2UKb
marina33	RC8tYbD
aliana70	jRMjNGL
harmoni31	qHxQqKt
jamie44	XSmkCZM
holland97	gVkHIOL
emmalyn51	nqKM41z
lauryn09	8I5R7pI
chanel28	dJXJDyx
tinsley53	5uPNgx5
jessie65	nfkcZDU
lacey84	X6UwDM1
elyse30	kbjfQY6
janiyah57	yEbOTjo
jolie21	dmRC6z5
ezra23	966ti8y
marleigh98	DCNC5PP
roselyn23	YwqqL9y
lillie75	AOTtRFM
louisa69	ayQTMZE
madisyn09	8vVppKq
penny66	lfktEGL
kinslee94	EYtzYaY
treasure25	3ig5vze
zaniyah39	oKpcBhZ
estella33	XpaSNlD
jaylah87	3InZtdv
khaleesi79	VcD4Nji
alexia49	bdnnKHq
dulce18	zZ7KNik
indie83	ocjkzJq
maxine63	IdpRx0y
waverly05	x0rdhX8
giovanna28	QWE3vZY
miley06	4rjN9Ne
saoirse93	JtTNvNv
estrella00	jUeXifV
greta88	QKCHUul
rosalia97	Wz4DgDE
mylah14	rnnkPoS
teresa46	aZsSUNL
bridget60	DtMnzzP
kelly81	gGAHJgL
adalee82	9Q6z08o
aubrie74	Fkgu4Up
lea76	62M7CGm
harlee37	U4qzNxU
anika30	VQXYgey
itzayana90	Tb9yLI1
hana48	LYDysmR
kaisley62	kBsYj6B
mikaela69	0k3xsNH
naya57	lX638Gg
avalynn43	xFgYNQF
margo29	geN11ql
sevyn17	70rQ0HT
florence25	61g3Kqh
keilani40	YdOKw1Z
lyanna12	HrOUjRw
joelle00	b6SMSvS
kataleya52	rsfzXPq
royal10	H6H33YM
averi90	UqEZgCc
kallie02	W4bJzLd
winnie62	Huw4Rzq
baylee61	tBqitwI
martha57	ijd40bO
pearl38	HetOIZn
alaiya71	uat99sp
rayne69	bbRCUS9
sylvie90	GfY6Nq6
brylee83	xING2wY
jazmine55	DSRM3oH
ryann53	UUewXkk
kori72	dUJFrwP
noemi17	Hhy99GT
haylee41	VePdjFz
julissa06	I7M9TMX
celia84	GbMk1Bd
laylah37	GYBeHEn
rebekah90	tUi4aua
rosalee57	Wn9BfB1
aya01	bgk2Kbj
bria96	rn47J3D
adele06	74EG7ge
aubrielle18	2ll3VH2
tiffany52	MNHGqUs
addyson99	P0GbdER
kai33	V4Czsf4
bellamy34	V8hRbkh
leilany94	OHSRKeS
princess83	hsvDltS
chana87	MdF4gDd
estelle96	GgR7BEQ
selene73	Tl5E2F9
sky89	731oEmo
dani41	KvK0VZL
thalia41	iQA05nf
ellen35	05NTk4S
rivka32	Y1bFm4F
amelie60	bPLFd9A
andi10	xnuNZPr
kynlee03	S9GA8ao
raina03	XkekEJF
vienna27	7BlA9Ob
alianna68	KkbK25A
livia79	hKp8f9r
madalyn91	mtcewYd
mercy73	YDaCd1w
novalee53	RFMTxLe
ramona89	hz57AdN
vada15	kJmUclr
berkley33	Glyj2Jm
gwen85	M7PoNGA
persephone51	kGMFsiI
milena49	7Rk789K
paula99	l9SqXfC
clare73	r2jSmIY
kairi54	Ts1fNuK
linda30	HJra4nF
paulina77	R1Zzg9t
kamilah31	0STvEO7
amoura83	8QN6cDE
hunter70	K9m7hDP
isabela19	GJ1KvX8
karen71	L9biLHe
marianna64	YfrN1Bd
sariyah79	s8EfMhh
theodora69	Q1UmIeP
annika44	UsA0RQg
kyleigh66	t1YaYTS
nellie46	4bov4eg
scarlette76	h2P0kF7
keyla34	frrqN4Q
kailey00	g3bv8dQ
mavis54	qhpi682
lilianna89	13XSbpm
rosalyn36	ncB0crH
sariah48	HMzzvBs
tori23	2m3JI18
yareli85	d6ouwJE
aubriella45	kgOLogq
bexley77	Ng47QUA
bailee46	MMkaMqs
jianna11	RqWf62c
keily98	katNcAf
annabella78	xmZduNp
azariah12	WR2JWrw
denisse41	UVlOcKJ
promise26	6whmYVs
03-Aug	sUbnmcJ
hadlee59	vHo2lts
halle57	o4J3hdF
fallon93	iA42ANO
oakleigh35	aoxDSgO
zaria30	0taS6nN
jaylin77	024tQt2
paisleigh09	1JO7bbz
crystal99	CC388Hq
ila34	t5mEC8f
aliya56	dGFc3OB
cynthia02	fe22XXM
giana17	SNdmReh
maleah51	PQiQvle
rylan53	hyXgYpS
aniya05	3DjZj6p
denise26	XAV2K5Q
emmeline21	evOv2vk
scout22	WUVzwa4
simone70	xa0QIwq
noah24	rfO2Avi
zora23	dnwRDuy
meghan98	l9yk1QO
landry90	RYNKE9j
ainhoa47	BwU93pP
lilyana62	lPEwmx4
noor92	cyUa0xe
belen19	HTJkKv7
brynleigh84	wR7zmuL
cleo50	S0ikom8
meilani40	KRYGa24
karter58	0xbfJ22
amaris52	jMdFMus
frida20	rvNrYSO
iliana49	e4TWTg9
violeta32	u4qJuWX
addisyn77	HvZwjjx
nancy98	Wqfyrl3
denver26	67606mC
leanna53	gGwwQ71
braylee36	HHzjh0D
kiana56	bGtNTMg
wrenley78	62v4hV7
barbara46	ZlLSWMp
khalani90	jIwSCIo
aspyn76	UuxhCLm
ellison85	AhDEJa5
judith51	hUtleCy
robin87	QRDCqq2
valery18	l3kFXn1
aila71	FRRzlZR
deborah91	6n6pOhg
cara65	MRhN8nr
clarissa71	1uvwfW4
iyla71	Q3k84GA
lexie45	H8bjKJE
anais47	xCP5nui
kaylie71	tU1K1C8
nathalie74	Y7uZiGe
alisson54	92NF0ke
della87	ocacZ8g
addilynn09	3uJD90E
elsa58	eHJLz7l
zoya90	c4EovNL
layne36	GFQPbvD
marlowe45	myCTZBE
jovie09	tBEPIjc
kenia50	kZXlnM1
samira15	edncDWJ
jaylee65	aURzwpk
jenesis52	FJHznqu
etta99	FnOV0UV
shay39	AcMJKJ4
amayah19	r9DV7f8
avayah11	VEb2fJq
egypt17	wrFgVMR
flora79	DtibeIv
raquel26	KXWChyZ
whitney19	FAYy33y
zola39	UmnSy9o
giavanna32	rHsISHO
raya03	yiCCZlm
veda77	CScU2MZ
halo19	gZJO9U7
paloma81	VBhqptf
nataly48	ZkGqFSt
whitley10	YSBOFn0
dalary88	92Jniq3
drew94	29Y2AXu
guadalupe30	9fCrTaw
kamari20	wwZCnsT
esperanza38	Rvswn92
loretta40	HwDZHnf
malayah66	P5BIGHr
natasha75	ZjnBsik
stormi07	xhhKuA9
ansley44	w3oaJqP
carolyn05	hLq9adh
corinne14	9xk7POf
paola34	Rz2xI5F
brittany65	Y2Ni6Gn
emerald72	RxDwkWm
freyja15	fS4GEjR
zainab42	1nFm4fW
artemis22	OOWvhHc
jillian24	DGrZUDp
kimora62	tOQ1kur
zoie30	jB2u13O
aislinn09	YKm3xZS
emmaline74	TSaaxjv
ayleen16	5UvVSox
queen41	7RSaQGk
jaycee31	78KShTe
murphy66	UaMKuwt
nyomi83	VinEOVE
elina86	LfxwLqo
hadleigh54	Z7sbxpq
marceline85	cIhJ1oj
marisol01	GiRaiSc
yasmin34	GmTGacw
zendaya67	K78Kcx6
chandler18	T720ExM
emani25	L2KgDvC
jaelynn18	bTxcIQd
kaiya42	KBgxdCn
nathalia46	gshUBjD
violette28	tbmEVca
joyce30	m6l2hN9
paityn43	ZSkbbmj
elisabeth13	LSso0h0
emmalynn03	CZd9bE2
luella34	ZaHeXrq
yamileth92	o1Qn7t3
aarya55	VwBcXvA
luisa07	kB5zRX2
zhuri21	s0VTo9J
araceli96	3lrf9kb
harleigh24	Et7N8hZ
madalynn48	UzqVdkS
melani13	qcCw3MW
laylani27	JgETFIf
magdalena87	mU3SsKz
mazikeen83	qvnVJrJ
belle52	UPIyk4b
kadence64	YDKEGW2
